﻿<?xml version="1.0" encoding="utf-8" ?>
<Map>
  <TileDimensions>
    <X>32</X>
    <Y>32</Y>
  </TileDimensions>

  <Layer>
    <Image>
      <Path>GamePlay/TileSheets/ground</Path>
    </Image>
    <TileMap>
      <Row>[0:0][0:0][2:0][0:0][0:0][0:0][0:0][0:0][0:0][0:0][0:0]</Row>
      <Row>[0:0][1:0][2:0][0:0][0:0][0:0][0:0][0:0][0:0][0:0][0:0]</Row>
      <Row>[0:0][1:0][1:0][0:0][0:0][0:0][0:0][0:0][0:0][0:0][0:0]</Row>
      <Row>[0:0][0:0][0:0][0:0][0:0][0:0][0:0][0:0][0:0][0:0][0:0]</Row>
      <Row>[0:0][0:0][0:0][0:0][0:0][0:0][0:0][0:0][0:0][0:0][0:0]</Row>
      <Row>[0:0][0:0][0:0][0:0][2:0][0:0][0:0][0:0][0:0][0:0][0:0]</Row>
      <Row>[0:0][0:0][0:0][2:0][1:0][0:0][0:0][0:0][0:0][0:0][0:0]</Row>
      <Row>[0:0][0:0][0:0][0:0][0:0][0:0][0:0][0:0][0:0][0:0][0:0]</Row>
      <Row>[0:0][0:0][0:0][0:0][0:0][0:0][0:0][0:0][0:0][0:0][0:0]</Row>
    </TileMap>
  </Layer>
</Map>